dataset,modelo,tecnica,f1_score,balanced_accuracy,mcc,cohen_kappa
wdbc,SVM,base,0.9092017513070144,0.8809523809523809,0.8179178119091964,0.8016701461377871
