,mean_f1,std_f1
AR-ADASYN,0.9592049953076416,0.025741224807939375
BorderlineSMOTE,0.9556766975278952,0.022497123950666657
AlphaDistanceARADASYN,0.9524520540664139,0.026203010859780797
AlphaDistanceDBASMOTE,0.9506983593445675,0.02285728972965734
PC-SMOTE,0.94960642763964,0.023618279111783727
SMOTE,0.9485944289349024,0.025326115080621565
ADASYN,0.9481313524052661,0.023735389105603768
