,mean_f1,std_f1
AR-ADASYN,0.9582539854066123,0.0210662429445199
BorderlineSMOTE,0.9556766975278952,0.022497123950666657
AlphaDistanceARADASYN,0.9527351896929142,0.025532763187016364
AlphaDistanceDBASMOTE,0.9506983593445675,0.02285728972965734
PC-SMOTE,0.94960642763964,0.023618279111783727
SMOTE,0.9485944289349024,0.025326115080621565
ADASYN,0.9481313524052661,0.023735389105603768
