dataset,modelo,tecnica,f1_score,balanced_accuracy,mcc,cohen_kappa
glass,RandomForest,smote,0.7884203193655558,0.807142857142857,0.7297740400292618,0.723965763195435
