clase,muestras_clase,promedio_%_outliers_IQR
1,45586,16.616943798534642
4,8903,7.298413768143074
5,3267,10.60095908580757
3,171,7.017543859649123
2,50,3.5555555555555554
7,13,7.692307692307692
6,10,5.555555555555555
